{
    "apiCall": {
        "apiVersion": "v1",
        "protocol": "https",
        "reverseProxyUrl": "0.0.0.0",
        "port": "9443",
        "logonPort": "9443",
        "logonApiVersion": "v1",
        "logonProtocol": "https"
    },
    "endpoints": {
        "logon": "/api/eip/v1/login",
        "applianceList": "/appliances",
        "formToken": "/form_token",
    	"topLevelInfo": "/sys",
    	"allModules": "/sys/modules",
        "allInterfaces": "/sys/platform_interfaces",
    	"servicesStatus": "/sys/status",
        "platform": "/sys/platform",
        "mode": "/sys/mode",

        "upgradeList": "/upgrade/list",
        "hotfixList": "/hotfix/list",
        "downloads": "/downloading_files",
        "downloadStatus": "/download/status",
        "startDownload": "/download",
        "deleteupgHfFile": "/delete",
        "resumeDownload": "/download/resume",
        "cancelPauseDownload": "/download",
        "upgradeHotfixHistory": "/history",
        "hotfixInfo": "/hotfix",
        "hotfixInstalledList": "/hotfix/status/installed",
        "upgradeInfo": "/upgrade",
        "hotfixUninstall": "/hotfix/uninstall",
        "install": "/install",
        "getUpgLicense": "/upgrade/license",
        "upgPrep": "/upgrade/prep_install",
        "upgInstallStatus": "/upgrade/install/status",
        "getActiveUpgrades": "/upgrade/status/installing",
        "validateUpload": "/browser_upload/validate",
        "hfUpgUpload": "/proxy/browser_upload",
        "cleanupUploads": "/schedule_upload_cleanup",

        "sys": "/sys",
        "description": "/sys/hostname/descr",
        "timeZone": "/sys/time/timezone",
        "dateTime": "/sys/time/clock",
        "ntp": "/sys/time/ntp",
        "hotfix": "/hotfix/history",
        "hardware": "/sys/hardware",
        "timezoneList": "/sys/time/timezone/list",
        "saveHostname" : "/sys/hostname",
        "saveTimeZone" : "/sys/time/timezone",
        "saveDateTime" : "/sys/time/clock",
        "saveNtp" : "/sys/time/ntp",
        "unlockApi": "/sys/unlock",

        "filestores": "/filestore",
        "filestoreList": "/filestore/list",

    	"network": "/net",
    	"bond": "/net/bond",
    	"bondPossible": "/net/bond/possible",
    	"bondCheck": "/net/bond/exists",
        "connStatus": "/net/info",

    	"routes4": "/net/route_list",
    	"routes6": "/net/route6_list",
    	"componentRoutes": "/net/route_list/component",
    	"addDeleteRoute4": "/net/route",
    	"addDeleteRoute6": "/net/route6",
    	"addDeleteComponent": "/net/route/component",
    	"loadExportRoutes": "/net/routes",

    	"hotfixHistory": "/hotfix/history",

		"wseControl": "/sys/wse/control",
        "wcgControl": "/sys/wcg/control",
        "naControl": "/sys/na/control",
        "esgControl": "/sys/esg/control",
        "sysControl": "/sys/control",

        "techSupport": "/sys/account/tech-support",
	    "sshAccess": "/sys/access",

        "configSummaryGenerate": "/configsummary/generate",
        "configSummaryDownload": "/configsummary/download",
        "configSummaryStatus": "/configsummary/status",

        "backup": "/backup",
        "backupNow": "/backup/create",
        "scheduleBackup": "/backup/create/schedule",
        "getBackupSchedules": "/backup/schedule",
        "backupDelete": "/backup/delete",
        "backScheduleDelete": "/backup/delete/schedule",
        "restore": "/backup/restore",

        "snmpMonitor": "/snmp/monitor",
        "snmpTrap": "/snmp/trap",
        "snmpEvents": "/snmp/events",
        "snmpEventsSave":"/snmp/events/load_json",
        "snmpTrapTest":"/snmp/trap/test_before_save",


        "cpu":"/polling/cpu",
        "mem":"/polling/mem",
        "disk":"/polling/disk"

    },
    "userCustomEndpoints":{
        "mainGridColumns":"/custom/main_grid/column_hidden",
        "autoRefresh": "/custom/auto_refresh",
        "mainGridColumnSizes": "/custom/main_grid/column_resize",
        "customGroups": "/custom/group",
        "filestore":"/custom/filestore",
        "fsamUpgrade": "fsam/list",
        "fsamUpgradeSkip": "fsam/skip",
        "fsamUpgradeDownload": "fsam/download",
        "fsamProcessId": "fsam/create_process_id",
        "fsamStatus": "fsam/status",
        "fsamUpgradeInstall": "fsam/install",
        "addFilestoreAppliances": "/bulk/filestore",
        "deleteFilestoreAppliances": "/bulk/filestore",
        "createHotfixProcessId": "hotfix/create_process_id",
        "hotfixDownload": "hotfix/download",
        "hotfixDownloadInstall":"hotfix/download_install",
        "hotfixGetAllActive":"bulk/active",
        "hotfixFPList": "/hotfix/list",
        "hotfixStatus":"/hotfix/status",
        "hotfixUninstall":"hotfix/uninstall",
        "bulkHistory": "bulk/history"
    },
    "allowRouteMassDelete": "False",
    "version": "2.0.0.27",
    "build": "27"
}
